"touchRate","questionTotal","questionTime","totalTime","score"
26.9788665545323,4,15.01175,1.00078333333333,0
29.8656047784968,4,13.56075,0.90405,0
30.5027301826398,4,13.2775,0.885166666666667,0
